,Year,Mon,Month,PRCP,TMAX,TMIN,RH,EVP,TSUN,U2,PET,SPI
1,Jan-61,1,JAN,1,33.6,19.4,69,5.8,7.2,3,168.8832557,0.493175772
2,Feb-61,2,FEB,0,34.8,17.2,47,9.3,8.2,3,167.0108188,-0.253347103
3,Mar-61,3,MAR,6.9,32.3,22.2,57,8.4,6.7,3,160.9058121,-1.49444334
4,Apr-61,4,APR,148.5,31.9,22.8,74,4.4,6.4,3,153.1728398,0.735982585
5,May-61,5,MAY,120.9,31.1,22.2,78,2.9,6.7,3,147.6068321,-0.496127417
6,Jun-61,6,JUN,175.3,29.5,21.1,81,2.4,6.1,4,119.7337991,-0.156355749
7,Jul-61,7,JUL,127.3,28.8,21.1,85,1.7,2.6,4,122.0988663,-0.269628888
8,Aug-61,8,AUG,44.7,28.6,20,82,2.3,3.9,4,131.8890894,-1.39195565
9,Sep-61,9,SEP,167.6,29.3,20.5,85,2,3.7,3,149.6508885,-0.692825538
10,Oct-61,10,OCT,45.2,28.9,20.5,76,3.1,6.6,3,153.2235135,-1.566670724
11,Nov-61,11,NOV,0,32.9,20.5,68,5.5,8.3,3,164.2084218,-0.253347103
12,Dec-61,12,DEC,0,33.8,16.1,58,7.3,8.6,5.6,205.9909094,0.604585347
13,Jan-62,1,JAN,0,34.4,16.1,51,8.4,8.2,3,181.7834191,0.253347103
14,Feb-62,2,FEB,0,36.7,20,53,9.7,7.9,3,174.3680878,-0.253347103
15,Mar-62,3,MAR,23.6,35.2,23.3,67,6.8,7.1,3,177.7617988,-0.536598599
16,Apr-62,4,APR,154.2,32.7,22.8,71,5.1,7.1,4,161.7603223,0.808834952
17,May-62,5,MAY,252.4,32.6,21.6,80,2.5,6.9,3.1,169.6945916,1.281156068
18,Jun-62,6,JUN,310.9,31.7,20.5,80,2.1,5.7,4.2,155.9654155,1.57511074
19,Jul-62,7,JUL,170.2,29.8,21.1,85,2,4.7,5.1,140.5763509,0.324746474
20,Aug-62,8,AUG,130.6,29.6,20.5,84,2,4,4.3,132.1933588,0.021413126
21,Sep-62,9,SEP,251.3,30.1,20.5,86,1.8,3.9,3.9,136.3249699,0.45835202
22,Oct-62,10,OCT,223.6,31.5,20.5,82,2.2,6.5,3.1,154.5255604,0.917655646
23,Nov-62,11,NOV,156.1,33.6,20.5,80,2.4,6.6,3.4,171.3527704,2.265298558
24,Dec-62,12,DEC,0.5,34.6,18.9,72,4.4,8.1,5.5,210.8373148,0.74343428
25,Jan-63,1,JAN,0,35,19.4,77,5.1,7.8,3,178.7915954,0.253347103
26,Feb-63,2,FEB,23.1,36.6,22.8,73,5.7,7.7,4,185.1617847,0.906440757
27,Mar-63,3,MAR,72.1,36.1,21.6,69,5.7,6.5,4,202.9367701,0.987684446
28,Apr-63,4,APR,108,34.4,22.8,74,4.2,6.2,4,180.1378395,0.15637702
29,May-63,5,MAY,117.1,32.2,22.8,80,2.6,5.7,4,161.682577,-0.563885934
30,Jun-63,6,JUN,290.8,30.5,21.1,84,2,6.4,3,141.8061469,1.354916742
31,Jul-63,7,JUL,320.5,29.4,21.1,84,2.1,4.3,3,131.0836272,1.845358406
32,Aug-63,8,AUG,219.7,28.3,21.1,86,2,6.1,4,125.7051033,0.899850364
33,Sep-63,9,SEP,250.2,28.9,21.1,85,2.2,5.6,3,130.8183841,0.445037358
34,Oct-63,10,OCT,195.3,31.1,21.1,82,2,7.6,3,148.9711551,0.65425592
35,Nov-63,11,NOV,0,31.6,17.8,67,5,7.6,3,158.2809543,-0.253347103
36,Dec-63,12,DEC,0,33.3,18.3,76,5.5,8,3,170.0194007,0.604585347
37,Jan-64,1,JAN,1,32.7,18.3,65,5.5,6.9,4,171.9698264,0.493175772
38,Feb-64,2,FEB,0,34.4,20,62,3.8,8.1,4,175.2278182,-0.253347103
39,Mar-64,3,MAR,45.7,35.5,23.3,68,2.9,8.1,4,199.2045367,0.285982117
40,Apr-64,4,APR,93,33.3,22.8,74,2.7,7.1,4,172.3501116,-0.095182846
41,May-64,5,MAY,196.9,31.2,21.6,82,1.9,7.1,5,168.9355844,0.631218702
42,Jun-64,6,JUN,204.5,31.2,21.1,83,2,6.5,3,148.335535,0.276465726
43,Jul-64,7,JUL,110.1,29.6,20.5,85,1.3,4,3,120.4035923,-0.546409094
44,Aug-64,8,AUG,26.9,28.3,20,83,1.2,3.1,3,105.6225815,-1.929100295
45,Sep-64,9,SEP,205.5,30,20.5,86,1.5,4.3,3,133.0277771,-0.132582783
46,Oct-64,10,OCT,57.9,31.1,20,86,1.6,5.7,3.2,158.9470132,-1.255229841
47,Nov-64,11,NOV,55.9,33.9,20,79,2.4,6.9,3.4,170.9287235,1.328349951
48,Dec-64,12,DEC,77.5,33.9,20,71,2.3,6.7,5.2,192.5349157,1.890622739
49,Jan-65,1,JAN,61.2,33.7,20.5,78,3.8,7.7,2,150.0913083,1.993043716
50,Feb-65,2,FEB,22.6,35.7,21.1,73,5.1,7.7,3,172.9150967,0.890702976
51,Mar-65,3,MAR,46.2,36.1,22.3,72,6.5,8,5,216.8789441,0.301365498
52,Apr-65,4,APR,134.1,34.8,21.6,73,5,6.7,3,176.3003458,0.543429396
53,May-65,5,MAY,161.8,32.8,21.6,78,3.8,7,3,151.7290989,0.155379955
54,Jun-65,6,JUN,134.1,31.6,21.6,84,2.6,6.5,3,148.5928359,-0.859192601
55,Jul-65,7,JUL,171.5,29.6,21.1,86,2.1,5.1,3,128.3923851,0.341102306
56,Aug-65,8,AUG,122.6,28.9,21.1,88,2.1,3.8,3,117.3476539,-0.075300061
57,Sep-65,9,SEP,208,29.7,20.5,88,2.4,5.1,3,132.059145,-0.098173153
58,Oct-65,10,OCT,192,32,19.4,84,2.4,6.5,3,164.722318,0.621959405
59,Nov-65,11,NOV,0,34.6,19.4,71,5.5,7.5,3,174.5800619,-0.253347103
60,Dec-65,12,DEC,0,34,16.7,65,6.3,7.7,3,174.9545804,0.604585347
61,Jan-66,1,JAN,15,33.7,18.9,73,7.8,6.9,3,170.2213877,1.119478759
62,Feb-66,2,FEB,0,35.8,18.9,56,9.7,7.9,4,190.007456,-0.253347103
63,Mar-66,3,MAR,41.1,35.8,22.8,71,7.2,7.9,5,208.8668366,0.139266686
64,Apr-66,4,APR,94,35.2,23.3,73,6,7.2,4,187.7756088,-0.077594183
65,May-66,5,MAY,85.9,32.9,22.2,75,3.3,6.9,4,173.6505094,-1.187652812
66,Jun-66,6,JUN,382.5,31,21.1,84,2.7,7,4,156.3042683,2.292796326
67,Jul-66,7,JUL,178.1,29.2,21.6,84,1.7,5.5,4,133.5013909,0.422898385
68,Aug-66,8,AUG,139.5,28.3,21.1,85,1.7,3.7,4,119.7734949,0.124420933
69,Sep-66,9,SEP,169.4,29.5,21.1,87,1.9,4.5,4,129.9502016,-0.664369602
70,Oct-66,10,OCT,143,31.9,20.5,87,2.6,6.4,4,168.8095906,0.092221848
71,Nov-66,11,NOV,0.8,34.7,20,83,4.6,7.7,3,175.7307115,-0.010315158
72,Dec-66,12,DEC,0,34,16.7,71,6.7,7.8,3,175.804361,0.604585347
73,Jan-67,1,JAN,0,35.2,15,47,8.7,6.4,3,181.966657,0.253347103
74,Feb-67,2,FEB,5.6,36,21.1,68,8.5,7.6,4,177.9384452,0.197141152
75,Mar-67,3,MAR,104.4,36.1,22.2,70,6.8,6.9,5,209.7283008,1.65372595
76,Apr-67,4,APR,87.3,34.3,22.8,78,4.3,6.7,5,193.5173306,-0.197969066
77,May-67,5,MAY,83.1,32.8,21.6,78,3.6,8.1,4,180.482324,-1.250972748
78,Jun-67,6,JUN,108,31.1,21.1,83,3.2,6.6,4,148.5271544,-1.385479452
79,Jul-67,7,JUL,62.2,30.4,20.5,83,2.4,3.3,4,135.6660658,-1.523941459
80,Aug-67,8,AUG,33,29.4,20.5,83,2.8,3.5,5,133.5897145,-1.72104602
81,Sep-67,9,SEP,176.1,30.5,20.5,86,2.2,3.9,4,142.7316499,-0.560227877
82,Oct-67,10,OCT,176.2,32.1,21.1,82,2.3,6.4,4,166.0399485,0.462067463
83,Nov-67,11,NOV,17.3,34.6,19.4,82,4.9,7.8,3,173.2869444,0.686378697
84,Dec-67,12,DEC,52.8,34.8,20.5,77,4,6.6,3,160.2834744,1.669964013
85,Jan-68,1,JAN,1.3,36.1,17.8,70,9.9,6.2,3,174.9856727,0.524200692
86,Feb-68,2,FEB,51.1,37.9,21.1,73,11.5,7.7,5,212.5070828,1.614697939
87,Mar-68,3,MAR,31.8,37,22.8,74,12.4,7,7,246.5911952,-0.1918676
88,Apr-68,4,APR,250.3,35.3,22.2,76,8.9,6.8,5,200.5740349,1.839396084
89,May-68,5,MAY,100,33.5,21.6,79,4.2,7.5,5,192.7994406,-0.88906444
90,Jun-68,6,JUN,298.4,31.7,21.1,83,3,6,4,152.2580356,1.439290907
91,Jul-68,7,JUL,274.6,30.5,21.1,86,1.9,5.2,5,148.1582485,1.441607823
92,Aug-68,8,AUG,350,29.9,21.6,85,1.9,4.8,4,130.3601533,1.836265309
93,Sep-68,9,SEP,281.7,30.5,20.5,76,2.6,4.4,3,139.6444348,0.812065079
94,Oct-68,10,OCT,91.2,32,21.1,80,5,7,3,160.7251613,-0.624253367
95,Nov-68,11,NOV,6.1,33.7,21.1,75,10,8.2,3,158.773469,0.340945284
96,Dec-68,12,DEC,0,34.6,20.5,76,11.7,7.3,2,155.619461,0.604585347
97,Jan-69,1,JAN,0,33.3,17.2,63,7.6,8.1,2,154.5086938,0.253347103
98,Feb-69,2,FEB,4.3,35.5,22.2,70,8.1,8.5,4,180.0668242,0.119559676
99,Mar-69,3,MAR,34.8,37.2,23.9,73,6.2,7.7,4,213.798101,-0.079229988
100,Apr-69,4,APR,100.7,34.7,23.3,75,4.3,6.5,4,178.1747998,0.037106285
101,May-69,5,MAY,261.1,32.4,22.8,79,3.2,7.4,3,162.3738804,1.374369328
102,Jun-69,6,JUN,262.8,31.4,21.6,81,2.5,6.9,2,135.0925378,1.03116357
103,Jul-69,7,JUL,156.5,29.8,21.6,86,2,4.3,2,121.060209,0.147108166
104,Aug-69,8,AUG,161.8,29.5,21.1,80,1.7,2.8,3,123.1454813,0.364515516
105,Sep-69,9,SEP,194.3,29.9,21.1,98,1.6,3.1,2,127.1509677,-0.290292914
106,Oct-69,10,OCT,171.4,31,21.1,83,2.1,6.3,2,146.2512536,0.411633549
107,Nov-69,11,NOV,74.7,33.9,18.3,77,4,8.1,1,130.4198461,1.548416582
108,Dec-69,12,DEC,0,33.5,19.4,79,5.4,8.4,1,131.7591388,0.604585347
109,Jan-70,1,JAN,18,33.3,20,79,5.6,7.2,1,129.5635857,1.20029064
110,Feb-70,2,FEB,0,35.1,20.5,71,7.7,7.5,3,159.4189545,-0.253347103
111,Mar-70,3,MAR,50.3,35.8,23.3,74,6.4,7.7,4,198.3663095,0.423761212
112,Apr-70,4,APR,75.7,34.3,23.3,75,4.9,5.9,3,159.8059559,-0.422229203
113,May-70,5,MAY,165.4,32.7,22.2,80,3.4,7.1,3,158.9933382,0.207158047
114,Jun-70,6,JUN,146.4,31.4,20.8,81,2.8,7.4,2,147.382647,-0.635557526
115,Jul-70,7,JUL,119.3,29.4,21.1,83,2.2,4.7,3,122.3362752,-0.394961366
116,Aug-70,8,AUG,42.2,28.2,20.2,85,2.3,2.4,2,101.769129,-1.456354776
117,Sep-70,9,SEP,260.3,29.2,20.8,86,1.9,4.3,2,113.7507571,0.565872328
118,Oct-70,10,OCT,60.7,31.5,21,78,3,7.2,2,147.07762,-1.1934026
119,Nov-70,11,NOV,0,34,19,66,6,8.1,1,136.2241935,-0.253347103
120,Dec-70,12,DEC,0,34.4,17,57,7.1,8.3,2,159.9090731,0.604585347
121,Jan-71,1,JAN,0,33.3,18.1,59,7.3,8,1,129.0852137,0.253347103
122,Feb-71,2,FEB,6.6,35.1,21.3,71,7.1,7.5,2,146.1965105,0.252415205
123,Mar-71,3,MAR,31.8,35.8,22.8,69,5.9,7.6,5,212.1959096,-0.1918676
124,Apr-71,4,APR,100.8,34.3,22.9,72,5.3,7.7,5,197.1893577,0.038778709
125,May-71,5,MAY,156.1,32.7,22.6,77,3.9,7.8,3,170.962593,0.071803031
126,Jun-71,6,JUN,169.1,31.4,21.4,82,2.6,6.5,3,148.1938129,-0.254381786
127,Jul-71,7,JUL,93.4,29.4,20.9,84,2.2,4.8,3,127.9105017,-0.845280756
128,Aug-71,8,AUG,112.4,28.2,20.8,86,1.8,3.2,3,112.6977727,-0.20503322
129,Sep-71,9,SEP,269.6,29.2,20.4,85,1.9,4.2,2,118.0607014,0.674435169
130,Oct-71,10,OCT,167,31.5,20.6,82,3,7.2,2,147.3979299,0.364576599
131,Nov-71,11,NOV,0,34,19.4,68,5.8,7.9,2,155.9219664,-0.253347103
132,Dec-71,12,DEC,0,34.4,17.3,53,6.7,7.3,2,156.4136371,0.604585347
133,Jan-72,1,JAN,0,34,18.1,69,6.8,8,2,152.6146928,0.253347103
134,Feb-72,2,FEB,17.8,35.5,22,70,6.5,8.5,3,164.766836,0.730365897
135,Mar-72,3,MAR,24.6,36.7,22.8,69,6.1,7.5,3,191.1623895,-0.491160656
136,Apr-72,4,APR,121.7,36.1,22.8,74,4.3,6.8,2,170.1390381,0.366426736
137,May-72,5,MAY,202.7,33.3,22.4,79,3.3,6.8,3,166.9503568,0.704323608
138,Jun-72,6,JUN,216.2,30.7,21.5,83,2.2,6.5,2,133.3072105,0.438324217
139,Jul-72,7,JUL,128.8,29.6,21.7,85,2,5.3,3,135.8720042,-0.246730082
140,Aug-72,8,AUG,91.2,29.4,21.2,85,2,3.9,2,116.5185324,-0.50305022
141,Sep-72,9,SEP,141.6,29.9,21.2,86,2.1,4.5,2,123.9799942,-1.129466584
142,Oct-72,10,OCT,252.7,31.8,21.5,82,2.6,7.5,2,139.8345411,1.166918297
143,Nov-72,11,NOV,0,34.3,17.6,69,5.8,6.8,2,154.0862453,-0.253347103
144,Dec-72,12,DEC,0,33,19.1,63,6.3,7.5,3.2,157.1603175,0.604585347
145,Jan-73,1,JAN,0,34.9,19.6,62,7.7,7.6,4,180.6028972,0.253347103
146,Feb-73,2,FEB,0,37,23.5,68,7.8,8.1,4,174.4841681,-0.253347103
147,Mar-73,3,MAR,23,35.5,23.5,59,7.9,6.1,4,181.5116564,-0.56438477
148,Apr-73,4,APR,120.4,33.1,23.3,82,5.7,6.8,3,163.4284657,0.347191551
149,May-73,5,MAY,95,32.3,22.6,76,3.7,7.8,5,173.378528,-0.99136927
150,Jun-73,6,JUN,269,31.1,21.6,83,2.2,7,4,151.8926733,1.104709509
151,Jul-73,7,JUL,212.6,28.1,21.7,81,2.3,6.1,3,121.0785113,0.820876643
152,Aug-73,8,AUG,208.9,29,21.6,85,2,4.5,3,118.9014035,0.807660483
153,Sep-73,9,SEP,306,29.4,21.7,85,1.9,4.7,3.2,124.3024086,1.077213308
154,Oct-73,10,OCT,225.9,30.4,21.3,80,2.4,7,2.6,144.663591,0.938090726
155,Nov-73,11,NOV,0,32.4,17.8,68,5,8.3,2.6,158.4353269,-0.253347103
156,Dec-73,12,DEC,0,33.7,20.4,72,5.3,7.8,3.4,169.383457,0.604585347
157,Jan-74,1,JAN,54.4,34,17.7,51,6.9,3.5,3,152.5674841,1.893056681
158,Feb-74,2,FEB,9.4,36,21.4,61,7.3,6,3,152.4260425,0.392154562
159,Mar-74,3,MAR,27.2,36,23.5,66,6.5,7.9,3,187.0989976,-0.377774343
160,Apr-74,4,APR,70.6,34,22.6,72,4.7,6.7,3,170.7265492,-0.528356275
161,May-74,5,MAY,172.9,31,22.3,78,3,6.7,4,155.4624989,0.312669464
162,Jun-74,6,JUN,201.9,30,21.3,80,2.4,7.2,5,148.5782691,0.239667992
163,Jul-74,7,JUL,149.2,29,21.6,82,2.1,4.9,3,114.9488544,0.048188859
164,Aug-74,8,AUG,98.6,28,21.4,83,2,4,3,113.9330199,-0.394063751
165,Sep-74,9,SEP,366.4,30,21.1,83,1.8,4.6,3,127.3916217,1.681914203
166,Oct-74,10,OCT,105.9,31,21.3,83,2,5.4,3,148.8294438,-0.397371533
167,Nov-74,11,NOV,0,32,18.9,68,5.1,8.1,3,156.0560269,-0.253347103
168,Dec-74,12,DEC,0,32,16.1,56,7.1,7.9,3.1,162.550723,0.604585347
169,Jan-75,1,JAN,0,33.9,14.4,38,8.6,7.2,4,191.7439307,0.253347103
170,Feb-75,2,FEB,17.8,35.1,21.3,63,6.6,8.4,4,174.5100489,0.730365897
171,Mar-75,3,MAR,23.1,35.8,23.1,69,6.2,6.7,4,188.7109016,-0.55972577
172,Apr-75,4,APR,91.9,34.5,22.4,74,4,7.4,3,177.9498899,-0.114678946
173,May-75,5,MAY,152.9,31.1,22.2,79,2.8,6.8,2,141.4501745,0.023985497
174,Jun-75,6,JUN,171.3,29.9,21.6,81,2.3,6.7,3,135.1041965,-0.219325436
175,Jul-75,7,JUL,272.8,28,21.1,84,1.6,4.4,4,113.2287527,1.424930898
176,Aug-75,8,AUG,28.8,27.9,20.3,85,1.7,2.2,4,114.9222216,-1.860759342
177,Sep-75,9,SEP,264.9,29.5,20.8,85,1.6,3.3,4,126.111768,0.619883251
178,Oct-75,10,OCT,64,30.4,20.8,79,2.4,5.9,4,153.113077,-1.123118172
179,Nov-75,11,NOV,0.5,32.3,20.7,74,4.3,7.1,3,151.6947215,-0.055971599
180,Dec-75,12,DEC,2.5,32,17.2,57,6.6,8.3,3.3,212.1803215,0.874358306
181,Jan-76,1,JAN,0,32.9,18.1,59,6.5,8,4.2,180.3208711,0.253347103
182,Feb-76,2,FEB,35.3,35.7,22.3,69,5.1,7.7,4.6,182.6267638,1.249393498
183,Mar-76,3,MAR,33,35.1,23.8,69,5.7,7.2,5.1,200.8328102,-0.146068078
184,Apr-76,4,APR,132.3,33.9,21.6,71,4.7,6.6,3.3,175.8149994,0.518423599
185,May-76,5,MAY,188.9,32.2,21.7,80,3,6.6,5,174.8835877,0.528029003
186,Jun-76,6,JUN,164.1,30.1,21.6,83,2.1,6.1,4.6,141.6669651,-0.335215809
187,Jul-76,7,JUL,63.5,28.3,21.1,82,2.1,4.6,4,118.2337429,-1.491293875
188,Aug-76,8,AUG,64.8,27.9,21.3,85,1.9,3,5,142.7095411,-0.951562034
189,Sep-76,9,SEP,62.3,29.1,21.9,84,2,4.3,4,124.8904132,-2.971503773
190,Oct-76,10,OCT,292.1,31,21.6,84,1.7,4.5,4,155.2799137,1.476756703
191,Nov-76,11,NOV,41.7,33.3,20.8,78,3.5,6.9,3,151.8413973,1.134216717
192,Dec-76,12,DEC,0,33.9,19.1,70,4.7,7.4,3.2,159.2717368,0.604585347
193,Jan-77,1,JAN,0,33.1,22.2,72,5,6.4,8,188.2189218,0.253347103
194,Feb-77,2,FEB,0,33.9,24.2,63,7.2,6.2,6,156.7135331,-0.253347103
195,Mar-77,3,MAR,26,35.1,24.1,57,8.1,4.7,6,176.9231127,-0.429287868
196,Apr-77,4,APR,46.4,33.2,25.3,69,5.3,6.4,6,155.1491657,-1.122174513
197,May-77,5,MAY,169.7,30.9,22.9,71,3.2,7.5,5,159.6090875,0.268030618
198,Jun-77,6,JUN,186.4,30.1,22.1,85,2.1,5.8,4.2,137.9611186,0.013476573
199,Jul-77,7,JUL,65.4,28.2,20.9,84,2,4.3,5,133.1017074,-1.444431965
200,Aug-77,8,AUG,28.2,27.9,21.8,83,2.1,3.5,4,136.2394544,-1.881959517
201,Sep-77,9,SEP,244.7,29.1,20.6,88,1.7,3.6,3,149.8394091,0.377877104
202,Oct-77,10,OCT,162.1,30,20.7,83,2.5,6.4,3,151.7497012,0.311196291
203,Nov-77,11,NOV,0,32.2,19.2,69,5.4,7.9,3,162.0076086,-0.253347103
204,Dec-77,12,DEC,0,33.3,20.3,62,5.5,7.2,3.4,149.0397733,0.604585347
205,Jan-78,1,JAN,0,33.6,22.1,56,6.8,8.3,5,181.2579421,0.253347103
206,Feb-78,2,FEB,3.1,35,21.9,71,6.6,8.4,6,196.6173307,0.040378139
207,Mar-78,3,MAR,56.5,35.4,23.8,72,5.1,7.4,7,219.7122888,0.597537595
208,Apr-78,4,APR,180.4,33.5,23.7,80,2.9,5.7,8,186.5361823,1.123032272
209,May-78,5,MAY,252.3,33.2,22.9,82,2.4,7.3,6,190.5594749,1.280072761
210,Jun-78,6,JUN,136.2,31.4,22.2,83,2,6,6,159.6688203,-0.820042838
211,Jul-78,7,JUL,154.2,29.6,21.9,85,1.8,3.7,2,108.9199397,0.11628101
212,Aug-78,8,AUG,133.7,28.7,21.8,87,1.9,3.6,3,118.514536,0.05781352
213,Sep-78,9,SEP,195.9,29.8,21.6,86,1.6,4.1,2,124.4073483,-0.267394285
214,Oct-78,10,OCT,66.1,31.3,20.9,83,3.3,5.6,2,133.136428,-1.079736082
215,Nov-78,11,NOV,31,35.1,19.1,65,7.1,8.2,1,137.5175311,0.962823678
216,Dec-78,12,DEC,0,34.2,18.9,71,7.4,7.7,3,172.1577045,0.604585347
217,Jan-79,1,JAN,8.2,33.3,22.2,71,8.8,7.4,5,173.5590459,0.899676234
218,Feb-79,2,FEB,0,35.8,22.9,66,11.6,8.5,5,187.0219878,-0.253347103
219,Mar-79,3,MAR,90.9,36.1,23.8,69,9,6,7,218.1836793,1.393424124
220,Apr-79,4,APR,61.4,33,23.5,74,7.3,7.1,8,185.0275031,-0.734126982
221,May-79,5,MAY,110.3,31.9,23.2,79,4.4,6.2,7,173.2788486,-0.689001039
222,Jun-79,6,JUN,144.7,30.1,21.9,83,3.6,4.9,6,141.2138198,-0.665680516
223,Jul-79,7,JUL,165.8,29.3,20.9,84,3.5,4.8,6,140.9628373,0.268765785
224,Aug-79,8,AUG,196.2,30.2,20.8,85,3.2,4,7,150.9693014,0.69521242
225,Sep-79,9,SEP,238.1,30.1,21.7,86,2.6,5.4,5,138.0772669,0.29595242
226,Oct-79,10,OCT,160,31.1,21.9,84,3,6.2,5,156.918987,0.287991278
227,Nov-79,11,NOV,17.5,34.2,20.8,79,5.2,7.3,3,160.1945138,0.691152327
228,Dec-79,12,DEC,0,33.3,19.2,62,10.6,7.4,4,173.2107783,0.604585347
229,Jan-80,1,JAN,0,33.9,19.9,75,7.2,7.1,7,209.580779,0.253347103
230,Feb-80,2,FEB,18.8,35.2,22.8,69,9.5,6.6,5,167.0816431,0.765285407
231,Mar-80,3,MAR,3.6,35.9,23.9,71,8.8,7.7,5,196.4544758,-1.695530305
232,Apr-80,4,APR,44.4,33.1,22.8,72,7.6,6.9,6,180.7333559,-1.180423303
233,May-80,5,MAY,135.2,32.3,21.9,79,4.5,6.6,7,184.1204646,-0.253437526
234,Jun-80,6,JUN,214.7,29.8,21.7,81,3.7,6.4,6,132.7365843,0.417902372
235,Jul-80,7,JUL,123.9,29.1,20.9,85,3,3.6,6,140.4602669,-0.322220225
236,Aug-80,8,AUG,280.1,28.9,21.1,85,2.5,4,7,143.414721,1.368210638
237,Sep-80,9,SEP,214.6,30.3,21.2,86,2.5,4.5,5,154.6716578,-0.008644806
238,Oct-80,10,OCT,197.3,33.2,21.8,82,2.9,6.1,5,185.0131043,0.673656449
239,Nov-80,11,NOV,2.9,34.9,22.2,75,5.5,6.6,5,191.7825506,0.175381798
240,Dec-80,12,DEC,1.6,33.3,16.4,56,8.1,6.5,4,186.9160317,0.828370221
241,Jan-81,1,JAN,0,34.1,19.2,56,9.5,7.1,3,160.974565,0.253347103
242,Feb-81,2,FEB,0,35.3,22.3,63,11.1,7.4,4,168.1249986,-0.253347103
243,Mar-81,3,MAR,117.7,34.2,22.9,73,8,6.8,6,195.7219421,1.89077069
244,Apr-81,4,APR,86.3,34.3,22.8,74,6.6,7.3,7,197.3146752,-0.216468633
245,May-81,5,MAY,265.8,33.3,22.3,80,4,6.7,6,163.4165685,1.42390016
246,Jun-81,6,JUN,225.8,30.2,22.1,83,3.5,6.6,5,119.6946214,0.566859328
247,Jul-81,7,JUL,163.3,28.3,20.9,86,3.2,3.6,5,120.487405,0.23651803
248,Aug-81,8,AUG,76.8,28.2,20.8,87,2.7,3.1,4,139.2595414,-0.734229193
249,Sep-81,9,SEP,252.9,29.3,20.9,85,2.7,4.7,5,135.6187332,0.477650273
250,Oct-81,10,OCT,98.3,31.2,22.2,82,3,6.8,4,158.5002559,-0.511737831
251,Nov-81,11,NOV,0,32.2,19.3,61,7.9,6.4,4,170.4169948,-0.253347103
252,Dec-81,12,DEC,0,31.9,20.1,76,6.9,7.3,3,151.2372321,0.604585347
253,Jan-82,1,JAN,8,34.1,20.2,49,9.9,8,4,158.1204696,0.892042795
254,Feb-82,2,FEB,28.9,36.3,22.1,58,8.8,6,3,139.250469,1.078301425
255,Mar-82,3,MAR,22.2,34.9,22.9,68,7.7,6.3,6,191.1884325,-0.602069438
256,Apr-82,4,APR,141.8,35.3,22.7,76,6,6.6,6,200.6326435,0.64798404
257,May-82,5,MAY,150.6,35.2,22.5,81,3.4,6.5,7,220.6170489,-0.010798951
258,Jun-82,6,JUN,127.2,30.9,21.9,82,3,5,5,137.0567306,-0.990877662
259,Jul-82,7,JUL,76.7,30.2,20.9,85,2.8,3.4,6,153.3666431,-1.184170983
260,Aug-82,8,AUG,182.5,30.1,20.7,84,2.9,2.6,5,164.7208018,0.568461236
261,Sep-82,9,SEP,247.8,30,20.6,86,2.1,3.8,4,137.3218801,0.415852353
262,Oct-82,10,OCT,229.4,32.2,21.3,84,2.2,6.2,4,168.2620521,0.968931823
263,Nov-82,11,NOV,0,33.9,20.3,70,4.9,6.7,4,181.728187,-0.253347103
264,Dec-82,12,DEC,0,34.1,20.1,65,6.6,6.8,3,167.7931251,0.604585347
265,Jan-83,1,JAN,0,33.3,17.2,23,13.5,3.1,5,180.7185957,0.253347103
266,Feb-83,2,FEB,8.6,35.1,21.5,57,9.8,6.5,5,160.4756178,0.354152646
267,Mar-83,3,MAR,15,34.9,22.9,52,11.6,5.9,6,183.5804313,-0.979200956
268,Apr-83,4,APR,92.3,34.2,23.6,74,6.3,7.2,7,176.3815333,-0.107571252
269,May-83,5,MAY,175.1,32.1,22.8,77,4.5,7,5,164.7653533,0.34304183
270,Jun-83,6,JUN,146.2,30.3,21.9,81,3.3,4.4,6,157.4229597,-0.639088967
271,Jul-83,7,JUL,91.8,29.1,21.1,84,2.9,3.5,6,151.770259,-0.875811128
272,Aug-83,8,AUG,215.9,27.9,20.6,87,2.5,2.5,5,125.4484685,0.867754012
273,Sep-83,9,SEP,228.3,30.1,20.8,84,2.5,5.2,5,141.6927677,0.171478604
274,Oct-83,10,OCT,34,32.2,21.6,77,4.2,6.2,5,175.252152,-1.900661619
275,Nov-83,11,NOV,1.7,34.3,23.1,72,5.8,7.8,3,162.5561877,0.085598398
276,Dec-83,12,DEC,148.3,33.3,21.3,76,4.4,7.3,3,163.6979949,2.386374537
277,Jan-84,1,JAN,0,33.1,18.2,56,9,5.6,3,149.3473341,0.253347103
278,Feb-84,2,FEB,0,35.3,22.3,68,10.5,7,4,157.1479779,-0.253347103
279,Mar-84,3,MAR,83.5,35.1,23.9,73,6.6,7.1,6,194.8426093,1.240545476
280,Apr-84,4,APR,88.3,33.9,22.8,79,5,6.2,6,192.5373611,-0.179613229
281,May-84,5,MAY,139.9,31.8,21.7,77,3.6,6.4,8,189.8171071,-0.17749312
282,Jun-84,6,JUN,214.3,30,21.3,80,3.1,6.6,6,146.7050103,0.412440629
283,Jul-84,7,JUL,267.3,29.1,20.9,83,2.6,5.2,5,141.6097021,1.373535272
284,Aug-84,8,AUG,272.5,29.3,21.7,85,2.8,5.3,5,138.0758533,1.31306426
285,Sep-84,9,SEP,158.8,29,20.8,83,2.5,5.2,4,133.3485195,-0.835037536
286,Oct-84,10,OCT,83.3,31.1,21.7,81,3.1,5.3,4,149.3327368,-0.756871661
287,Nov-84,11,NOV,2.6,35.2,21.9,70,5.6,6.5,4,166.2234731,0.155286672
288,Dec-84,12,DEC,0,33.4,19.2,58,7.6,4.8,3,158.5477336,0.604585347
289,Jan-85,1,JAN,0.8,34,22.2,64,7.7,4.9,4,157.9267363,0.469674283
290,Feb-85,2,FEB,0,35,19.6,43,12.7,5,4,163.3085832,-0.253347103
291,Mar-85,3,MAR,51.3,37,24.6,68,7.8,3.1,6,202.4474651,0.452661145
292,Apr-85,4,APR,57.6,34,23.6,76,4.8,5.1,7,183.7130258,-0.825446464
293,May-85,5,MAY,175.6,32,23.5,77,4.7,6.3,6,172.242036,0.349909345
294,Jun-85,6,JUN,184.9,31,21.2,83,2.9,5,5,153.0392099,-0.009070407
295,Jul-85,7,JUL,251.1,28,21.1,83,2.8,4.5,7,126.5362995,1.218112661
296,Aug-85,8,AUG,89.9,28,22.2,86,2.7,4.5,7,127.183186,-0.52282469
297,Sep-85,9,SEP,293.1,30,20.9,84,2.1,4.2,4,140.6687327,0.938238291
298,Oct-85,10,OCT,20.5,32,20.8,78,4.1,5.8,3,150.4220405,-2.43987524
299,Nov-85,11,NOV,8.5,35,22.1,75,5.7,7.7,3,169.8125039,0.434133423
300,Dec-85,12,DEC,0,33,18.3,45,9.2,5.3,2,133.232282,0.604585347
301,Jan-86,1,JAN,5.5,33.6,22.2,65,7.7,5.9,3,144.9667741,0.787114831
302,Feb-86,2,FEB,90.7,35.5,22.9,75,6.6,7.8,4,167.3062096,2.329762222
303,Mar-86,3,MAR,108.4,34.6,23.3,74,5.5,6.5,5,181.5285572,1.726858026
304,Apr-86,4,APR,58.3,32.3,23.2,75,4.9,7.4,6,171.2714559,-0.808312459
305,May-86,5,MAY,97.5,30.8,23.3,76,4.2,6.5,5,153.286527,-0.93976057
306,Jun-86,6,JUN,264,31.1,21.2,82,3.5,6.1,4,149.395987,1.045485514
307,Jul-86,7,JUL,126.9,28.8,21.1,86,2.6,3.1,5,124.412316,-0.275766156
308,Aug-86,8,AUG,153.7,27.9,21.3,84,2.6,3.9,5,121.8434054,0.280015248
309,Sep-86,9,SEP,195.7,30.1,21.1,85,2.3,3.7,5,139.1463456,-0.270249697
310,Oct-86,10,OCT,220.9,30.3,21,83,2.7,6,2,135.0921818,0.893492802
311,Nov-86,11,NOV,6.8,33.2,21.2,75,5,6.9,2,142.5634066,0.369972583
312,Dec-86,12,DEC,0,32.9,17.3,47,8.5,6,1,119.475683,0.604585347
313,Jan-87,1,JAN,0,32.5,19.9,63,8.1,5.1,2,130.3679992,0.253347103
314,Feb-87,2,FEB,3.6,36.1,23.8,70,8,8,3.3,156.995217,0.074421299
315,Mar-87,3,MAR,68.4,36.5,22.7,66,8,6.2,3.4,188.672801,0.900319877
316,Apr-87,4,APR,19.6,35,24.9,71,7.9,6.8,6.3,189.6172893,-2.146457903
317,May-87,5,MAY,79.4,32.1,23.6,72,6.1,7.9,5,175.9766095,-1.336995911
318,Jun-87,6,JUN,183.7,29.9,22.8,79,3.4,6.6,5.3,136.2444115,-0.027196308
319,Jul-87,7,JUL,176.3,28.9,21.9,84,3.1,4.8,5.6,134.5500841,0.400791876
320,Aug-87,8,AUG,338.3,27.7,21.5,86,2.3,4.3,4.9,122.6894451,1.762274584
321,Sep-87,9,SEP,238.6,28.2,20.6,84,2.7,4.9,4.4,129.5891103,0.302211152
322,Oct-87,10,OCT,105.8,30.9,21.7,83,3.8,6.4,4,154.3327863,-0.398838989
323,Nov-87,11,NOV,0,31.8,21.2,73,7.5,5.2,4.4,159.2815095,-0.253347103
324,Dec-87,12,DEC,0,33.8,19.3,58,8.7,8.1,5.1,186.9393858,0.604585347
325,Jan-88,1,JAN,73.3,32.8,20.9,56,8.8,6.1,3.6,142.3685895,2.158575021
326,Feb-88,2,FEB,26.2,35.7,22.8,70,8,5.7,6.2,190.5898418,1.000591249
327,Mar-88,3,MAR,48.3,34.9,23.6,75,6.8,7.7,6.2,203.6653093,0.364866491
328,Apr-88,4,APR,103.2,34.2,22.7,75,5.6,7.3,6.5,179.4108955,0.078586628
329,May-88,5,MAY,169.1,32.2,22.6,79,4.2,7.4,4.5,172.4979874,0.259598777
330,Jun-88,6,JUN,196.3,27.6,22.3,82,3,7,5.2,122.1453176,0.159327785
331,Jul-88,7,JUL,69.2,28.8,21.9,84,3.4,4,5.6,133.408609,-1.353560858
332,Aug-88,8,AUG,59.6,28.5,20.8,83,3.4,2.4,5.7,126.6814228,-1.054743901
333,Sep-88,9,SEP,107.7,29.3,20.6,83,2.9,4.5,4.1,137.2107754,-1.792158892
334,Oct-88,10,OCT,43.1,31.2,21.8,80,3.7,6.3,4.2,160.5825324,-1.624187019
335,Nov-88,11,NOV,2.6,32.2,22.2,77,6.9,7.7,3,149.157919,0.155286672
336,Dec-88,12,DEC,0.3,33.3,20.3,59,8.4,7.3,1.3,134.4476615,0.717558457
337,Jan-89,1,JAN,0,33.1,16.2,24,12.4,6.5,3.8,180.2834862,0.253347103
338,Feb-89,2,FEB,0,36.5,19.8,36,13.5,5.3,3.3,165.1474921,-0.253347103
339,Mar-89,3,MAR,46.5,36.3,22.9,71,7.9,6.7,6.2,221.1548425,0.310545767
340,Apr-89,4,APR,54.6,33.3,22.6,76,6.5,7.2,6.2,185.5731444,-0.900589401
341,May-89,5,MAY,42.7,31.5,21.9,77,4.3,7.1,5,165.3063785,-2.404979611
342,Jun-89,6,JUN,199.5,30.2,21.1,83,3.4,6.6,6,155.1620763,0.205420338
343,Jul-89,7,JUL,95.8,28.2,20.9,81,3.3,5.1,6.1,124.5670963,-0.800161421
344,Aug-89,8,AUG,119,28.2,20.7,86,2.9,3.2,6.5,130.3772305,-0.120219214
345,Sep-89,9,SEP,121.3,29.6,20.6,86,2.8,3.9,2.9,123.2127556,-1.510835099
346,Oct-89,10,OCT,115.2,30.3,21.8,82,3.4,7.2,3.6,149.9263907,-0.264863047
347,Nov-89,11,NOV,0,33.1,20.6,69,7.9,7.8,2.7,158.0177987,-0.253347103
348,Dec-89,12,DEC,0,32.8,19.2,57,8,8.4,2.3,149.6268894,0.604585347
349,Jan-90,1,JAN,0,33.5,22,61,8.1,6.5,3.2,148.7197022,0.253347103
350,Feb-90,2,FEB,5.4,35.8,20.5,46,11.6,7.8,4.4,185.7823276,0.185662129
351,Mar-90,3,MAR,0,35.5,22.6,48,13.6,7.2,6,225.0196854,-1.794538416
352,Apr-90,4,APR,80.1,34.4,22.8,76,6.6,6.9,6.8,195.5820753,-0.334562354
353,May-90,5,MAY,144.8,31.5,21.7,82,3.9,7.8,6.1,183.9226701,-0.100128952
354,Jun-90,6,JUN,132.4,30.5,21.6,86,3.5,6,4.8,150.6853381,-0.8911952
355,Jul-90,7,JUL,185,28.7,21.9,87,2.5,5.5,4.9,126.5198375,0.506300366
356,Aug-90,8,AUG,86.1,28.6,20.6,88,2.4,3.9,5.5,131.6859573,-0.581793896
357,Sep-90,9,SEP,261.4,29.5,20.8,88,2.4,4.4,3.3,127.5878576,0.578844764
358,Oct-90,10,OCT,61.4,30.9,21.6,50,3.3,7.2,3.8,154.435612,-1.178268223
359,Nov-90,11,NOV,16.9,32.4,22.9,77,5.2,8.2,3.5,155.7448319,0.676739381
360,Dec-90,12,DEC,46.6,33.4,22.2,76,6.1,8.3,2.7,153.0343789,1.607444811
361,Jan-91,1,JAN,3.1,34.5,20.8,64,8.1,6.8,2.3,147.8202269,0.660066531
362,Feb-91,2,FEB,19.7,36,23.3,73,7.3,7.4,2.5,151.8511878,0.795986425
363,Mar-91,3,MAR,92.1,35.8,23.8,75,6.4,6.7,5.7,201.2030533,1.417484611
364,Apr-91,4,APR,128,34.2,22.6,77,4.7,7.4,5.1,193.4923862,0.457768519
365,May-91,5,MAY,355.7,31.9,22.3,82,2.7,6,4.4,160.570059,2.280206058
366,Jun-91,6,JUN,119,30.9,22,83,3.1,6.9,5.5,156.0585409,-1.153956841
367,Jul-91,7,JUL,325.9,29.3,21.4,86,2.3,4,5.7,134.7218814,1.890400294
368,Aug-91,8,AUG,138.8,28.7,21.3,87,2.4,2.7,6.4,126.8870238,0.116481988
369,Sep-91,9,SEP,112.7,29,21.5,86,2.5,5.1,4.5,133.3049479,-1.685964627
370,Oct-91,10,OCT,172.9,31,21.1,83,1.1,4.5,3.1,146.5685143,0.427493124
371,Nov-91,11,NOV,0.5,33.3,21.5,75,5.6,7.6,2.7,153.6292716,-0.055971599
372,Dec-91,12,DEC,0,33.9,19.1,55,8.7,5.7,3.5,162.0290023,0.604585347
373,Jan-92,1,JAN,0,33.1,17.7,42,12.4,3.7,2.4,139.3848552,0.253347103
374,Feb-92,2,FEB,0,34.3,20.5,45,13.8,7.3,2.9,132.7591104,-0.253347103
375,Mar-92,3,MAR,0,36.1,23.9,68,9.1,4.4,6.5,202.5212166,-1.794538416
376,Apr-92,4,APR,41.5,33.9,23.5,69,6.6,6.3,5.9,183.8660532,-1.268340771
377,May-92,5,MAY,140.4,32.2,22.8,78,4.3,6.5,4.6,144.7991166,-0.169515919
378,Jun-92,6,JUN,72.5,30.2,21.6,78,3.5,6.4,4.9,125.5209663,-2.270389259
379,Jul-92,7,JUL,116.3,28.4,21.6,83,3,4.3,6.7,132.4518234,-0.443438992
380,Aug-92,8,AUG,49.2,28,21.3,83,3.1,2.9,6.6,120.2989599,-1.282426339
381,Sep-92,9,SEP,289.7,29.3,21,85,2.5,4.1,5.5,139.9054863,0.9009481
382,Oct-92,10,OCT,166.4,30.5,20.9,81,3,6.4,4.5,156.200929,0.358096458
383,Nov-92,11,NOV,55.6,32.8,20.2,63,5.7,7.1,3.9,166.869112,1.324541366
384,Dec-92,12,DEC,0,33.6,18.7,61,7.3,7.8,3.4,170.4866825,0.604585347
385,Jan-93,1,JAN,0,34.1,18.2,43,11.3,6.1,3.8,176.3820038,0.253347103
386,Feb-93,2,FEB,3.6,35.3,21.3,60,10.4,7.5,4.8,176.0195693,0.074421299
387,Mar-93,3,MAR,52,34.2,22.3,65,7.9,7.3,5.4,193.2285394,0.472682378
388,Apr-93,4,APR,27.8,34.3,23.5,70,6.5,7,6.5,169.554995,-1.758150225
389,May-93,5,MAY,141.4,32.4,23,79,4,6.8,6.2,184.3294029,-0.153618835
390,Jun-93,6,JUN,130.6,31.1,21.9,82,2.9,5.8,6,159.5351147,-0.92539015
391,Jul-93,7,JUL,146.5,28.7,21.3,86,2.8,4,6.8,135.6776387,0.010781745
392,Aug-93,8,AUG,193.5,28.1,21.1,85,2.3,4.1,7,127.9161329,0.670700274
393,Sep-93,9,SEP,234.8,30,20.8,86,2.2,5.1,5.6,150.8273438,0.254424456
394,Oct-93,10,OCT,202.3,31.2,21.3,82,2.7,6.7,4.8,163.3529871,0.721603231
395,Nov-93,11,NOV,25.4,35,18,60,4.4,8,5.1,209.4063812,0.860064872
396,Dec-93,12,DEC,0,34.5,19.4,54,7.3,6.9,3.5,230.1934251,0.604585347
397,Jan-94,1,JAN,39.3,33.5,20.1,57,7.6,5.4,4.8,168.2183189,1.646798569
398,Feb-94,2,FEB,0,33.9,22,63,8.9,5.9,5,156.3797104,-0.253347103
399,Mar-94,3,MAR,19.8,35.1,23.8,69,7.5,8,6.1,187.365615,-0.719785614
400,Apr-94,4,APR,223,33.2,23.3,77,5,7,7.1,173.317875,1.576800242
401,May-94,5,MAY,156,30.9,22.2,79,3.3,7,5.3,150.6743439,0.070318711
402,Jun-94,6,JUN,131.2,30.1,21.8,81,3.2,6.6,4.9,127.0413341,-0.913955962
403,Jul-94,7,JUL,89.6,29.3,21.8,84,2.5,4,6.4,135.9456558,-0.918403121
404,Aug-94,8,AUG,87,29,21.5,82,2.6,3.6,5.9,131.0345878,-0.567665879
405,Sep-94,9,SEP,260.6,28.9,21.8,83,2.5,4.9,3.6,126.897452,0.569413838
406,Oct-94,10,OCT,235.5,30.8,21.3,83,2.4,5.9,3.9,154.3403417,1.021967407
407,Nov-94,11,NOV,0,33.8,19.4,63,6.7,8.4,3.1,161.0312909,-0.253347103
408,Dec-94,12,DEC,0,34.1,16.2,39,9.7,7.7,2.9,163.9856016,0.604585347
409,Jan-95,1,JAN,0,34.4,17.7,37,10.6,6.3,5,204.6729222,0.253347103
410,Feb-95,2,FEB,2.1,34.7,20.7,45,11,7.9,5.1,183.9038089,-0.033509749
411,Mar-95,3,MAR,33.3,36.9,23.2,72,7.3,7.4,5,204.3842098,-0.134776742
412,Apr-95,4,APR,122,34.4,22.8,73,5.7,4.7,7,205.8762495,0.370846292
413,May-95,5,MAY,209.6,33,22.7,81,3.5,7.1,5.7,187.8201339,0.789533009
414,Jun-95,6,JUN,171.3,30.6,22.1,84,2.9,6.4,4.9,146.6828746,-0.219325436
415,Jul-95,7,JUL,218.7,29.7,21.7,85,2.4,4.2,6.6,142.5515194,0.886754666
416,Aug-95,8,AUG,232.1,28.6,22.1,87,2.2,2.7,3,109.5550325,1.002164059
417,Sep-95,9,SEP,188.5,30,21.8,85,2.4,5.6,2,123.5502482,-0.374384018
418,Oct-95,10,OCT,154.6,30.9,21.9,82,2.9,5.9,2,147.7128663,0.227376743
419,Nov-95,11,NOV,46.8,35,19.1,84,5.6,7.9,1,142.9554095,1.207510483
420,Dec-95,12,DEC,30.2,34.4,20.4,70,5.1,8.4,4.2,169.3190193,1.420000875
421,Jan-96,1,JAN,0,34.2,21.2,76,7.2,8.3,4.6,180.8553043,0.253347103
422,Feb-96,2,FEB,0.9,35.9,23.2,66,8.2,8.4,5.5,189.0629605,-0.138164309
423,Mar-96,3,MAR,61.4,37.2,23.4,69,7.3,7.4,7.2,231.9395031,0.726617691
424,Apr-96,4,APR,25.8,35.5,23.4,69,5.9,6.5,6.7,206.3705709,-1.843926118
425,May-96,5,MAY,143.2,33.2,22.2,77,4.3,5.9,6.2,197.4064191,-0.125194054
426,Jun-96,6,JUN,152.8,31,22.1,79,4.2,6.1,4.8,151.4503794,-0.524247495
427,Jul-96,7,JUL,104.2,29.7,21.7,80,3.1,4.9,5.6,139.1547175,-0.648168618
428,Aug-96,8,AUG,131.4,28.4,21.5,85,2.7,2.9,7,134.9731535,0.030862035
429,Sep-96,9,SEP,262.7,29.7,21.5,85,2.4,5.5,5,138.2695497,0.594129586
430,Oct-96,10,OCT,62.9,32.7,21.5,79,3.4,5.8,5,175.9422403,-1.146250702
431,Nov-96,11,NOV,0,35.5,16.6,56,8,7.7,3,184.3216098,-0.253347103
432,Dec-96,12,DEC,0,35.2,19.8,73,7.2,8.3,3.9,186.696673,0.604585347
433,Jan-97,1,JAN,0,32.3,20.1,64,8,6.5,3.9,154.917553,0.253347103
434,Feb-97,2,FEB,0,36.5,19.1,30,12.8,7.2,3.3,166.7490297,-0.253347103
435,Mar-97,3,MAR,50.7,36.7,23.1,61,8.1,7.9,5.6,195.475197,0.43536386
436,Apr-97,4,APR,179.5,34,22.4,77,4.8,7.4,6.6,197.9204545,1.112744225
437,May-97,5,MAY,216.9,33.5,22.5,80,3.2,5.4,6.1,196.5318691,0.877713413
438,Jun-97,6,JUN,229.5,31.7,21.7,85,2.7,6.6,5.6,158.0124968,0.615437263
439,Jul-97,7,JUL,102.9,29.5,21.3,83,3,4.8,6,144.4491316,-0.671121997
440,Aug-97,8,AUG,86,28.5,21.9,84,2.7,3.3,7,129.5537214,-0.583370034
441,Sep-97,9,SEP,334.8,29.8,21,84,2.6,4.8,5,139.4054917,1.374315021
442,Oct-97,10,OCT,121.7,31.6,22,79,2.8,6.1,5,160.7662928,-0.176536309
443,Nov-97,11,NOV,0.8,34.1,22,78,4.5,8.6,5,182.3412052,-0.010315158
444,Dec-97,12,DEC,11.6,34,20.6,65,7,8.2,4.6,182.7917243,1.129772603
445,Jan-98,1,JAN,0,34.8,18.9,43,10.1,6.3,4.3,185.9256746,0.253347103
446,Feb-98,2,FEB,0.3,36.6,22.4,50,10.4,8.1,5.1,170.4576295,-0.204501241
447,Mar-98,3,MAR,19,37.1,24.1,54,10.2,7.8,6.7,208.2427778,-0.760688156
448,Apr-98,4,APR,107.4,33.8,25,70,6.7,4.9,7.7,184.7122246,0.146781489
449,May-98,5,MAY,169.2,33.1,25,80,3.5,6.5,8.6,181.0472835,0.261005462
450,Jun-98,6,JUN,241.6,30.2,21.9,79,2.8,7,6.3,137.0597136,0.770797865
451,Jul-98,7,JUL,209,29,22,86,2.4,5.2,7,127.1954627,0.781419615
452,Aug-98,8,AUG,334.6,29,21.1,84,2.1,4.6,7.4,146.3395652,1.738545759
453,Sep-98,9,SEP,338.1,29.3,21,83,2.6,5.2,6.8,142.7964344,1.407288048
454,Oct-98,10,OCT,176.3,31.2,21.9,82,2.8,5.9,5.5,167.2390073,0.463108483
455,Nov-98,11,NOV,0,32.2,21.7,72,6.6,7.9,5.5,172.5058909,-0.253347103
456,Dec-98,12,DEC,0,31.9,19.5,60,8.3,8.5,4.2,164.3164935,0.604585347
457,Jan-99,1,JAN,0,36,21.3,62,8.2,6.9,5,196.3752423,0.253347103
458,Feb-99,2,FEB,15.1,35.9,21.1,65,8.4,7.1,4.9,179.7982586,0.631326456
459,Mar-99,3,MAR,68,36.6,23,73,5.5,6.9,7.3,244.708557,0.890700632
460,Apr-99,4,APR,118.3,32,22.8,77,6.3,6.6,8.1,170.7005686,0.31582656
461,May-99,5,MAY,171.3,30,21.9,82,4.5,6.6,7.7,158.5343544,0.290419197
462,Jun-99,6,JUN,296.2,30,21.7,83,3.3,6.6,7.2,158.8859054,1.415010431
463,Jul-99,7,JUL,179.4,29,20.7,86,2.9,4.3,6.4,143.7592457,0.438772631
464,Aug-99,8,AUG,138.1,30,18.3,87,3.1,2.9,7.1,186.5102327,0.108516138
465,Sep-99,9,SEP,268.9,31,17.7,86,2.3,4.1,5.9,175.6330939,0.666350217
466,Oct-99,10,OCT,248.3,31.1,21.1,85,2.5,6.3,4.5,155.7338255,1.130454556
467,Nov-99,11,NOV,35.7,34,21.6,78,5.6,7.7,4.6,184.8108006,1.04150937
468,Dec-99,12,DEC,0,31.6,18.3,58,8.9,7.3,5.1,178.7845213,0.604585347
469,Jan-00,1,JAN,34.8,34,21.7,65,7.9,6.5,4.2,154.7201396,1.564867211
470,Feb-00,2,FEB,0,37,22.4,35,12.8,6.1,5.5,187.6909177,-0.253347103
471,Mar-00,3,MAR,19.6,36,25.3,61,10.4,7,5.8,194.8610456,-0.729929819
472,Apr-00,4,APR,45.9,35,26.2,73,6.1,6.9,7.7,190.7651591,-1.136564887
473,May-00,5,MAY,105.6,31,25.9,76,5.5,7.5,7,144.1342502,-0.778614915
474,Jun-00,6,JUN,194.2,30,21.3,84,2.9,6.4,6,147.3297547,0.128806974
475,Jul-00,7,JUL,81,29,21.5,82,3.1,5.7,6.5,149.1454024,-1.092302484
476,Aug-00,8,AUG,185,28,21.5,89,2.3,5.7,7.2,143.1976587,0.592043885
477,Sep-00,9,SEP,281.7,30,21.7,87,2.5,5,4.8,135.3607235,0.812065079
478,Oct-00,10,OCT,42.5,31,21.6,83,3.2,5.5,5.2,157.6157826,-1.64099996
479,Nov-00,11,NOV,0,34,18.8,72,6.7,6,4.8,196.368102,-0.253347103
480,Dec-00,12,DEC,0,34,18.9,55,8.8,5.6,5.1,199.9038455,0.604585347
481,01-Jan,1,JAN,0,33.1,18.4,50,3.5,6.1,3.5,167.9414826,0.253347103
482,01-Feb,2,FEB,0,36.2,20.5,50,11.6,5.7,5.4,199.323654,-0.253347103
483,01-Mar,3,MAR,13.8,34.4,23.7,70,8.7,7.7,3.9,171.1861248,-1.049671875
484,01-Apr,4,APR,53.3,35.7,23,72,7.4,7.3,3.6,181.9577138,-0.934060536
485,01-May,5,MAY,145.1,31.2,22.9,77,4.5,7.4,3.5,156.0449552,-0.095450029
486,01-Jun,6,JUN,137.3,30.6,21.9,83,3.7,7,3.1,133.6382349,-0.799701118
487,01-Jul,7,JUL,85.1,29.4,21.8,86,3.2,4,3.8,135.3080518,-1.007858042
488,01-Aug,8,AUG,57,27.6,21.4,88,2.9,2.4,4,115.8092351,-1.108781152
489,01-Sep,9,SEP,173.6,29.7,20.9,87,2.8,4.5,3.1,132.5969019,-0.598765687
490,01-Oct,10,OCT,31.9,31.5,21.6,80,4.2,6.3,3.3,151.0671107,-1.972226373
491,01-Nov,11,NOV,0,33.6,22.4,70,7.3,7.7,3,139.5668857,-0.253347103
492,01-Dec,12,DEC,0,33.8,21.1,67,8.1,5.5,4.3,182.3226745,0.604585347
493,02-Jan,1,JAN,7.2,35.2,18.1,39,10.8,6.5,4.3,191.6213814,0.860517843
494,02-Feb,2,FEB,0,36.3,21.9,57,10.8,5.3,4.2,163.0662507,-0.253347103
495,02-Mar,3,MAR,28.4,36.6,24.6,70,7.9,6.7,4.6,179.7888222,-0.327577724
496,02-Apr,4,APR,106.7,36.3,23.8,75,3.5,7.2,4.3,179.491829,0.135541274
497,02-May,5,MAY,45.8,32.7,23.5,74,5.5,7.1,4.8,165.3753643,-2.293098667
498,02-Jun,6,JUN,96.8,30.5,22.3,79,4.3,6.6,4.8,130.7971736,-1.638860493
499,02-Jul,7,JUL,160,28.4,22.3,86,2.7,5.1,4.3,114.2273641,0.193444228
500,02-Aug,8,AUG,257.9,28,21.7,88,2.6,3.2,4.2,122.0105659,1.204327536
501,02-Sep,9,SEP,93.3,29.3,21.8,84,2.8,3.9,3.2,122.9972179,-2.118991765
502,02-Oct,10,OCT,100.3,30.5,21.4,79,3.3,6.1,3.2,139.5273478,-0.481065541
503,02-Nov,11,NOV,5.9,32.8,21.4,76,6.4,7.3,3.5,158.68477,0.332311931
504,02-Dec,12,DEC,0,33.4,19,50,9.6,6.7,4.2,165.4020929,0.604585347
505,03-Jan,1,JAN,0,33.7,20.9,61,8,6.5,3.7,156.1915523,0.253347103
506,03-Feb,2,FEB,0,35,23.7,71,8.4,7.8,3.8,160.4576575,-0.253347103
507,03-Mar,3,MAR,25.3,36.2,24.2,64,9.5,7.2,4.6,192.6210708,-0.459977773
508,03-Apr,4,APR,81.5,34,23.6,74,5.5,6.9,4.1,176.7543868,-0.307363532
509,03-May,5,MAY,98,32.2,23.6,75,5,7.8,3.9,156.0737537,-0.929549665
510,03-Jun,6,JUN,370.8,30.7,21.9,84,2.8,6,4.2,138.4305645,2.181722274
511,03-Jul,7,JUL,94.2,28.8,21.5,85,2.8,5.5,4.2,118.8703726,-0.83015218
512,03-Aug,8,AUG,80.7,28.4,21.9,86,3,3.9,3.7,120.3981445,-0.66880782
513,03-Sep,9,SEP,105.2,29.4,21.3,86,2.1,4.4,3.8,125.4775733,-1.846569663
514,03-Oct,10,OCT,169.7,31.3,22,83,4.1,6.4,3.6,149.2340581,0.39354818
515,03-Nov,11,NOV,8.1,32.4,21.2,75,5.7,7.4,3.7,152.1220769,0.419734445
516,03-Dec,12,DEC,0,33.7,19.2,55,9.2,6.6,6,193.1060959,0.604585347
517,04-Jan,1,JAN,0,33.6,20.1,58,8.8,6.8,4.3,168.6213338,0.253347103
518,04-Feb,2,FEB,45.1,34.8,22.7,58,10,7.4,4.5,166.4299081,1.483790979
519,04-Mar,3,MAR,77.5,32.3,23.7,62,9.4,6.7,5,162.3711757,1.110329616
520,04-Apr,4,APR,210.3,31.9,22.8,73,6.3,7.4,4.5,158.2038777,1.447738464
521,04-May,5,MAY,310.4,31.1,22.7,81,3.9,6,6.1,174.4012041,1.868353883
522,04-Jun,6,JUN,192.7,29.5,21.8,83,3.3,6.9,4.1,129.2023408,0.106871444
523,04-Jul,7,JUL,156.8,28.8,21.5,86,2.6,4,4.9,129.8447948,0.151106749
524,04-Aug,8,AUG,187.9,28.6,21.6,86,2.7,2.7,4.6,125.9310595,0.619139983
525,04-Sep,9,SEP,104.1,29.3,21.7,86,2.6,5.1,4.8,134.1388662,-1.870801339
526,04-Oct,10,OCT,9.2,28.9,21.9,84,2.9,7.8,4.6,138.2592699,-3.181531219
527,04-Nov,11,NOV,0,32.9,21.9,76,5.2,8.4,3.9,159.4451853,-0.253347103
528,04-Dec,12,DEC,0,33.8,21.3,75,7,7.4,5.3,182.4791097,0.604585347
529,05-Jan,1,JAN,0,34.2,19,42,11.1,8.4,5.3,180.1333566,0.253347103
530,05-Feb,2,FEB,8,34.7,24,70,8.9,7,5.1,161.4949571,0.324710565
531,05-Mar,3,MAR,60.1,35.7,24,71,7.4,7.7,5.2,190.4431694,0.693017979
532,05-Apr,4,APR,108.8,34.7,25,75,6.3,7.3,5.7,181.833033,0.169115783
533,05-May,5,MAY,255.7,32.4,23,81,3.4,7.4,5.1,173.403351,1.316751747
534,05-Jun,6,JUN,211.5,30.6,23,85,2.9,7,4.3,138.2523768,0.374018353
535,05-Jul,7,JUL,133.8,29.3,22,86,2.6,4,5.1,130.9531379,-0.17168234
536,05-Aug,8,AUG,63.8,28.4,21,84,2.9,2.4,4.9,119.7492244,-0.970930983
537,05-Sep,9,SEP,271.5,29.7,22,88,2.4,5.1,3.8,123.8796346,0.696310809
538,05-Oct,10,OCT,179.8,31.4,22,84,2.9,5.9,3.8,145.571434,0.499301891
539,05-Nov,11,NOV,1,33,21,73,6.9,7.9,4.7,173.196854,0.014871681
540,05-Dec,12,DEC,11.9,33.9,21,71,6.6,8.4,5.6,190.1620452,1.135827422
541,06-Jan,1,JAN,0.6,33.1,23.2,80,5,7.8,7.5,160.9765061,0.44281918
542,06-Feb,2,FEB,10,34.3,24.1,72,7.6,6.9,5.9,164.6363403,0.419795451
543,06-Mar,3,MAR,79.4,36.1,23.4,74,6.1,6.7,4.5,194.4183582,1.152219025
544,06-Apr,4,APR,97.5,33.9,23.9,74,6.3,7.2,4.9,174.0428493,-0.017012159
545,06-May,5,MAY,192.4,32.2,22.2,82,3.4,7.1,5.3,181.0276308,0.573520896
546,06-Jun,6,JUN,129.7,30.2,21.8,83,2.9,6.6,5.4,143.6952447,-0.942609516
547,06-Jul,7,JUL,195.4,28.3,21.7,86,2.7,5.1,5.4,123.8024454,0.628226678
548,06-Aug,8,AUG,86,27.7,21.4,87,2.4,3.2,5.9,116.0188495,-0.583370034
549,06-Sep,9,SEP,262.1,28.8,21.6,87,2.5,4.1,3.7,125.1105099,0.587081252
550,06-Oct,10,OCT,250.7,30.6,21.8,83,2.9,5.8,5.4,151.5818726,1.150394585
551,06-Nov,11,NOV,0,32.2,18.4,55,7.9,7.6,5.7,187.8254837,-0.253347103
552,06-Dec,12,DEC,0,33.9,16.5,56,9.7,7.4,5.5,202.8427507,0.604585347
553,07-Jan,1,JAN,0,33.7,20.2,65,4.7,7.3,5.5,178.4974608,0.253347103
554,07-Feb,2,FEB,0,35.6,20.6,75,6.9,7.7,6.5,202.1599584,-0.253347103
555,07-Mar,3,MAR,31.6,34.6,22.9,75,8.2,7.3,5.7,174.2666679,-0.199602062
556,07-Apr,4,APR,98.9,34.6,22.6,81,4.8,7.7,6.5,198.2829156,0.006809668
557,07-May,5,MAY,285.2,32.2,22.2,80,3.2,6.5,5.9,177.6784471,1.622633505
558,07-Jun,6,JUN,158.2,31.3,20.8,84,2.6,6.8,4.4,148.1418164,-0.432771847
559,07-Jul,7,JUL,158.2,29.2,21.1,88,1.7,3.9,5.4,135.4000539,0.169699619
560,07-Aug,8,AUG,199.3,28.7,20.2,89,1.8,2.9,5.7,131.2557936,0.723086703
561,07-Sep,9,SEP,134.1,30.1,20.8,87,2.1,5.1,3.9,132.1044616,-1.265634336
562,07-Oct,10,OCT,142.7,32.3,21,84,2.4,5.3,5.5,184.1992802,0.088630707
563,07-Nov,11,NOV,152.9,32.9,20.4,75,2.9,7.7,5.6,179.7319976,2.241499818
564,07-Dec,12,DEC,0.3,34.2,20.1,48,3.1,6.9,5.4,194.3674548,0.717558457
565,08-Jan,1,JAN,0,33.9,21,56,9.7,6.9,5.4,178.1220794,0.253347103
566,08-Feb,2,FEB,0,35.7,22.4,32,1.4,8.1,6.1,194.6255404,-0.253347103
567,08-Mar,3,MAR,20.5,35.6,23.4,73,7.4,6,5.5,205.153506,-0.684697874
568,08-Apr,4,APR,106.1,35.4,22.7,76,5.6,6.4,6,213.5901186,0.12586746
569,08-May,5,MAY,42.3,32.5,21.3,81,4.1,7.2,4.9,182.3642604,-2.419850309
570,08-Jun,6,JUN,241.1,31.4,21.8,86,2.6,6.1,4.5,149.7943189,0.764480301
571,08-Jul,7,JUL,318.6,28.9,20.9,89,1.8,3.8,4.7,131.5518647,1.829397091
572,08-Aug,8,AUG,226.3,28.7,21.3,92,1.6,2.6,4.4,131.0054182,0.954756852
573,08-Sep,9,SEP,272.3,29.4,21.4,88,1.7,4.3,4.1,139.5733044,0.705491555
574,08-Oct,10,OCT,224.5,31.1,20.9,83,3.3,6.1,3.9,153.0075084,0.925668056
575,08-Nov,11,NOV,4.8,33.4,18.4,80,5.7,7.6,3.5,168.643568,0.281595124
576,08-Dec,12,DEC,14,33.1,11.3,36,1.8,8.3,5.6,227.3734518,1.176230127
577,09-Jan,1,JAN,11.1,34.8,17.6,48,1,7.7,5.2,201.5383598,1.001467017
578,09-Feb,2,FEB,1.2,35.8,20.2,76,6.8,8.7,4.5,183.2023381,-0.10961043
579,09-Mar,3,MAR,17.9,34.7,22.3,44,6.2,7.2,5.1,197.1941578,-0.818387256
580,09-Apr,4,APR,223.9,35.8,22.4,79,5.1,7.9,4.2,193.4422068,1.585768923
581,09-May,5,MAY,76,32.8,21.6,79,4,7.5,4.3,178.0163665,-1.418581769
582,09-Jun,6,JUN,177.2,30.9,20.7,85,3.3,5.8,3.4,136.0021264,-0.12678341
583,09-Jul,7,JUL,313.4,29.5,21.1,92,1.8,3.3,3.6,128.8818675,1.78540525
584,09-Aug,8,AUG,209.1,28.6,20.6,92,1.6,4,3.3,117.565317,0.809395373
585,09-Sep,9,SEP,185.7,30.6,20.3,89,2,5.3,3.4,138.375501,-0.415607012
586,09-Oct,10,OCT,122.8,31.8,20.8,88,2.5,6.7,3.2,154.9953958,-0.161908714
587,09-Nov,11,NOV,4.4,34.2,19.7,75,5.3,7.2,3.1,168.7513109,0.261544626
588,09-Dec,12,DEC,0,34.1,18.6,38,1,7.2,3.6,174.0442921,0.604585347
589,10-Jan,1,JAN,1.3,34.1,20,59,9.6,9.5,5.2,184.1033204,0.524200692
590,10-Feb,2,FEB,90.2,35.7,20.1,74,8.1,6.5,4.9,183.194664,2.321885878
591,10-Mar,3,MAR,16.5,34.2,22,67,7.5,8.3,5.2,195.2811412,-0.894392458
592,10-Apr,4,APR,86.4,32.3,23,77,6.5,7.5,4.9,164.3801843,-0.214612125
593,10-May,5,MAY,115.3,32.7,21.6,78,5.3,6.9,4.4,177.0956445,-0.596508504
594,10-Jun,6,JUN,137.4,30.7,21.4,85,2.7,5.8,3.3,142.6698725,-0.797857425
595,10-Jul,7,JUL,93.7,28,21.2,90,2.2,3.8,3.7,117.8160931,-0.839596996
596,10-Aug,8,AUG,125.5,27.9,21.1,91,1.7,2.9,3.9,112.7753239,-0.039761462
597,10-Sep,9,SEP,146.8,29.8,21.3,88,2,4.2,3.8,131.447306,-1.037966308
598,10-Oct,10,OCT,276.1,31,21.1,83,2.9,6.6,4.5,157.9577544,1.354340229
599,10-Nov,11,NOV,25.9,34,20.4,77,5.8,9,3.9,170.6298798,0.869712315
600,10-Dec,12,DEC,0,34.8,15.9,51,5.2,7.9,3.5,186.1500977,0.604585347
601,11-Jan,1,JAN,0,34.5,19.7,49,7.9,7.3,5.2,187.1775001,0.253347103
602,11-Feb,2,FEB,23.6,35.7,22.7,63,12.5,8.5,4.2,156.2541927,0.922017558
603,11-Mar,3,MAR,23.1,33.6,22.6,75,7.8,8.1,3,159.1142704,-0.55972577
604,11-Apr,4,APR,21.1,34.2,21.9,76,4.2,7.4,2.6,164.2503682,-2.067242218
605,11-May,5,MAY,122.8,33.6,22.1,79,3.7,7.5,2.8,170.3329721,-0.462793136
606,11-Jun,6,JUN,212.9,30.9,21.3,85,3.1,5.9,2.8,124.6245017,0.393271274
607,11-Jul,7,JUL,93.1,28.6,20.8,92,1.7,4.1,3.1,122.3212892,-0.850977258
608,11-Aug,8,AUG,203.4,28.1,20.3,91,1.6,3.8,3.5,125.0251429,0.759523159
609,11-Sep,9,SEP,247.5,30.2,20.4,88,1.8,4.3,2.1,120.3202952,0.412191109
610,11-Oct,10,OCT,203.3,31.7,20.4,83,2.1,5.7,2.2,146.1963313,0.731099707
611,11-Nov,11,NOV,0,34.3,21,77,3.8,8.5,2.2,153.0912642,-0.253347103
612,11-Dec,12,DEC,0,32.5,20.1,51,4.7,7.5,3.1,150.1047683,0.604585347
613,12-Jan,1,JAN,0,32.9,18.3,22,8.1,8,3.2,163.1327554,0.253347103
614,12-Feb,2,FEB,22.1,35.6,21.6,35,6.4,8.6,4.4,179.64521,0.874799398
615,12-Mar,3,MAR,4,36.6,22.4,75,6,8.1,4.4,210.7837277,-1.674394457
616,12-Apr,4,APR,138.7,33.7,22,77,4.2,7.6,3.2,171.424469,0.606348632
617,12-May,5,MAY,138.2,32.2,21.8,83,2.3,6.9,3.2,160.0342534,-0.204760447
618,12-Jun,6,JUN,81.9,31.2,20.9,86,2.5,6.6,3.3,139.1255411,-2.010370639
619,12-Jul,7,JUL,120.7,27.9,21.1,89,1.6,4.7,5.9,124.4876283,-0.372623237
620,12-Aug,8,AUG,123.4,29,20.5,91,1.2,3.1,3.7,130.0147658,-0.065439921
621,12-Sep,9,SEP,230,30.1,20.9,89,1.7,3,3.6,130.6625645,0.193322244
622,12-Oct,10,OCT,153.7,30.8,21.2,85,2.7,5.4,3.5,155.2519041,0.217137915
623,12-Nov,11,NOV,8.9,32.8,19.5,68,4.9,9.2,2.6,153.5014882,0.448158756
624,12-Dec,12,DEC,25.2,33.6,17.8,49,8.2,8.9,2.6,156.043209,1.353610076
625,13-Jan,1,JAN,4.8,34.3,17.1,64,11.7,8.4,3.8,182.3829624,0.753605199
626,13-Feb,2,FEB,5.5,35.6,22,44,12.4,7.1,4.9,184.2146314,0.191420623
627,13-Mar,3,MAR,38.4,36.9,22.2,48,8,5.3,2.4,182.2715635,0.048351079
628,13-Apr,4,APR,223.4,34.3,22.8,79,4.8,7.5,3.4,170.5759981,1.580789124
629,13-May,5,MAY,121.7,32.4,21.9,81,3.3,7.9,3.1,159.6225664,-0.482048638
630,13-Jun,6,JUN,148.4,30.2,20.8,84,2.3,6.1,3.1,141.4888397,-0.600422871
631,13-Jul,7,JUL,110.6,29.2,20.3,89,1.5,4.9,1.7,114.7814544,-0.537959628
632,13-Aug,8,AUG,51.4,29.3,20.1,91,1.4,2.9,2,114.7867727,-1.23153325
633,13-Sep,9,SEP,266.5,29.9,20.4,89,1.7,5.5,3.3,130.7787733,0.638524992
634,13-Oct,10,OCT,308.8,31.2,20.7,85,2.4,5.8,1.8,131.3212111,1.600097644
635,13-Nov,11,NOV,0,32.1,21.4,80,6.1,7.8,3,151.3667001,-0.253347103
636,13-Dec,12,DEC,6.8,33.8,17.9,72,7.9,8.4,4.1,182.7410087,1.019099566
637,14-Jan,1,JAN,9.7,33.7,17.4,55,12.2,6.1,2.7,152.3105075,0.954214455
638,14-Feb,2,FEB,28.6,35.6,18,73,8.7,5.7,4.5,193.7521751,1.069846264
639,14-Mar,3,MAR,52.2,36.3,22.4,73,6.9,7.7,3.4,185.8802492,0.478371782
640,14-Apr,4,APR,408.8,34.3,22.5,77,5.4,7.3,3.3,175.7310498,3.094368215
641,14-May,5,MAY,232.3,32.3,22.2,86,4,7.4,2.3,151.4474588,1.057603953
642,14-Jun,6,JUN,305.2,31,21.9,85,2.6,6.6,2.4,136.1595888,1.513620084
643,14-Jul,7,JUL,332.3,29.8,21.7,90,1.9,4.8,1.7,112.7157701,1.943181325
644,14-Aug,8,AUG,225.3,28.7,21.2,93,1.9,3.3,1.8,109.9149881,0.946504543
645,14-Sep,9,SEP,511.7,29.8,21.2,90,2.1,4.8,4.8,147.2208879,2.913363287
646,14-Oct,10,OCT,379.4,32.2,21.2,88,2.5,6.1,5,172.8686016,2.079928793
647,14-Nov,11,NOV,15.4,36.6,20.9,77,6.3,8.2,2.9,171.5892613,0.639423684
648,14-Dec,12,DEC,0,33.7,19.3,51,8.1,8.3,2.6,148.3374938,0.604585347
649,15-Jan,1,JAN,1.5,35.2,20.3,34,9.1,8.2,2.8,152.7614072,0.542838529
650,15-Feb,2,FEB,0,36.3,18.4,37,10,8.5,2.7,156.4900291,-0.253347103
651,15-Mar,3,MAR,129.8,36.6,23.9,68,9.3,7.7,3.9,191.243833,2.092691932
652,15-Apr,4,APR,79.5,36.3,23,78,5.4,6.9,3.7,176.255732,-0.346318822
653,15-May,5,MAY,237.9,32.7,22,83,3.6,6.8,3.2,162.737184,1.121100687
654,15-Jun,6,JUN,237.8,30.5,21.4,85,2.7,7,2.9,138.8335641,0.722567691
655,15-Jul,7,JUL,94.7,28.4,20.3,92,1.8,5.2,2.6,124.6542646,-0.820742223
656,15-Aug,8,AUG,299.3,28,20.2,92,1.5,4.6,1.9,123.3271663,1.503449625
657,15-Sep,9,SEP,161.8,29.3,20.8,89,1.7,5.2,1.8,116.2982731,-0.785963146
658,15-Oct,10,OCT,129.3,30.5,20.9,89,2.6,5.9,2.1,132.9804123,-0.077239694
659,15-Nov,11,NOV,63.8,32.8,21.4,63,6.1,7.6,2.5,139.8823094,1.424983642
660,15-Dec,12,DEC,0,33.4,21.1,54,10.7,5.7,2.5,135.4241645,0.604585347
